Entries (What does the text say?),Classification,Intensity (1-3)
I recently started learning about artifical intelligence and want to learn more about it. ,Machine Learning,1
I just heard about consulting and I would like to learn more about it. ,Consulting,1
I just got in to playing spikeball and want to improve at the sport.,Sports,1
I've never volunteered before but want to get involved with helping the community,Community Service,1
I really want to join an e-sports team but I have not played a lot of games. ,Gaming,1
"I'm interested in journalism but don't have a lot of time, I want to learn about writing and media on the side",Media,1
I am curious about student govenment and making an impact on campus,Student Government,1
I want to learn more about finance through a school club or event.,Finance,1
I have recently gained interest in medicine and would like to find opportunities to learn more about it.,Medicine,1
I don't have much coding experience and would like to learn.,Computer Science,1
I want to be able to go to indian cultural events at school.,South Asian,1
"I am curious about blockchain, I wanted to learn more about this ",Blockchain,1
I have no experience in astronomy but would like to learn about it through an astronomy club or event.,Astronomy,1
I want to learn more about the internship process and how to get one,Professional,1
"I have no experience in archery, but it looks very interesting and I want to learn more",Sports,1
I want to learn more about latin american culture and customs,Latin America,1
I am an african american computer science student new to the field and want to learn more,African American,1
"I've heard about blockchain from a friend, wanted to learn more about it",Blockchain ,1
I want to improve my public speaking especially in front of many people,Professional,1
"I've heard about consulting from a friend, wanted to learn more about it",Consulting,1
I'm interested in practicing my dance skills and I don't have much expierience.,Dance,1
I want to become bilingual in spanish and would like to find clubs to help me improve my speaking.,Spanish,1
I am interested in the greek life on campus.,Social frats,1
I want to find ways to connect with other engineers through fraternities.,Engineering Frats,1
I would like to join a honors society on campus.,Honors,1
I am interested in giving back to the community.,Community Service,1
I'm looking forward to making connections with other business students through fraternities,Business Frats,1
I am a pre-med student and want clubs that can help me get experience for my major,Medicine,1
I want to meet a diverse set of people in a low-commitment type of fraternity.,Social Frats,1
I want to get out of my comfort zone by joining and learning about debate,Debate,1
I want to get involved in helping push for policy changes in the US,Political,1
I am looking for a community of people who enjoy lifting,Fitness,1
I want to learn how to speak Chinese but I have no experience,Language,1
I want to join a consulting group on campus but I have little experience,Consulting,1
I play video games casually and want to find people who also enjoy them.,Gaming,1
"I am interested in art and want to learn more about it, possibly pick it up as a hobby.",Arts,1
I am interested in learning more about the field of medicine.,Medicine,1
"I want to pick up Spanish, but don't know much of the language.",Spanish,1
I want to pick up painting as a hobby.,Arts,1
I am interested in doing volunteer work.,Community Service,1
I am interested in joining a club about food.,Eating,1
I am interested in learning more about business.,Buisness,1
I want to meet more students that are interested in building their own buisness.,Buisness,1
"I want to learn French, but have no experience with it",Language,1
I want to start getting into Anime and learning more about it,Media,1
I like to knit and crochet and want to hang out with other people while doing it.,Arts,1
I am really looking to design and build new things,Arts,1
I have recently heard about quantitive finance and would like to learn more ,Finance,1
I want to learn more about tutoring opportunities on campus.,Tutoring,1
I want to explore new cuisines.,Eating,1
I am thinking about pursuing an Astronomy major.,Astronomy,1
I am thinking about pursuing an Accountancy major.,Accountancy,1
I am thinking about pursuing an Advertising major.,Media,1
"I don't know many people who speak my first language her on campus, and want to meet those who do.",Language,1
I am interested in learning how to make my own video game.,Gaming,1
I am interested in learning more about machine learning.,Machine Learning,1
I want to find people on campus to play sports casually with.,Sports,1
I want to develop professional skills to prepare for internships.,Professional ,1
I'd like to learn more about nutrition and healthy diets.,Eating,1
I enjoy playing basketball with my friends in my free time,Sports,1
I want to meet new friends and I am looking for a more relaxing environment,Cultural,1
"I want to learn more about working in Blockchain, I love computer science!",Blockchain,1
"I would like to learn more about drawing, painting, and sculpting",Art,1
I want to learn more about working with cryptocurrency,Blockchain,1
I recently downloaded an editing software and want to learn how to get better at it,Media,1
I recently wanted to get into breakdancing ,Dancing,1
I wanted to work on getting better at working on robotics,Robotics,1
I love being the board member of my high school club!,Student Government,1
"I just started learning about robotics, and I would really like a club that gets me some hands-one expereince",Robotics ,1
"I like drawing in my leisure time, is there a club where I can draw with others, just chilling?",Arts,1
"I've barely had any experience coding, where can I learn?",Computer Science,1
"I'd like to connect with other engineers socially and professionally, where can I do that",Engineering,1
Recommend me a club that helps me start off on learning about how businesses work and function,Business,1
"Where can I help out around the community, around one to two times a week?",Community Service ,1
"I love playing video games, where should I meet more people that like to do what I do?",Gaming,1
I'm a mexican looking to find more hispanic people to connect with on campus ,Ethnic,1
"I'm looking to explore my newfound spiritual beliefs, what communities should I check out?",Religious/Spiritual,1
"I like to play baseball in my freetime, where can I find a low-intensity league that meets every week to play",Sports,1
I'm an incoming freshman and I want to create rockets,Engineering,1
"Want to learn about impact investing, don't know where to start",Finance,1
Was wondering if there are any Asian clubs on campus,Ethnic,1
What are my options for churches around campus?,Religious/Spiritual,1
"I like to casually play pool, where can I play with others?",Sports,1
Are there clubs that help me find places to volunteer every once and a while?,Community Service ,1
Are there any clubs where I can learn more about mine and other cultures?,Ethnic,1
"I'm just coming into the business sphere, what are some good beginner clubs",Business,1
"I'm new to hands-on experience for building things, what options are there for me",Engineering,1
"I barely know how to code, where can I learn?",Computer science,1
"I'm a beginner artist, where can I learn to develop my skills?",Art,1
Learned some things about astronomy and I want to explore more,Astronomy,1
I'm new to medicine and want to learn about all the different sectors,Medicine,1
What honors programs are available for all the different colleges at UIUC,Honors,1
"I'm a big basketball fan, are there any events going on soon that relates to basketball?",Sports,1
"Hello, I'm new to campus and I'm looking to find a place where I can paint. Where should I go?",Arts,1
"I'm looking to join a professional fraternity, what would you recommend?",Business Frats,1
"I'm looking to figure out more information about my financial aid loans, where can I go to get help?",Finance,1
"I'm a freshman that just opened a new bank account, are there any resources on campus that will teach me how to manage money?",Accounting,1
"I'd like to recieve some advice from a counselor on which classes I should take this semester, where do I go?",Consulting,1
"I'm really sick, where can I go on campus to get some Nyquil",Medicine,1
Where can I go to voluneer on campus?,Community Service,1
What are the highest rated places to eat on campus?,Eating,1
"I'm a huge gamer but I don't have anyone to play with, where can I go to meet other gamers?",Gaming,1
"I'm a black american looking to spend time with people of my color, what events support black herritage on campus?",Ethnic,1
"I'm looking to drink a lot of alcohol, which frats around town are free entry?",Social frats,1
What does my sign mean? Are there people on campus that focus on artonomy signs?,Astronomy,1
Are there any general debate teams around campus?,Debate,1
"I'm failing my history class, where can I go to recieve help?",Tutoring,1
"I just got the new GTA6 game, are there any groups of people on campus that are also playing the game?",Gaming,1
"I'm big into rap music, are there any music appreciate groups on campus that love rap music?",Music,1
"Olivia Rodrigo just released her new album, are there any other people that are excited about this on campus?",Music,1
"I'm really hungry, what's the closest place to eat from my dorm?",Eating,1
Where can I go to buy accessories for my PC?,Gaming,1
"I'm looking to try some new foods, I've generally only eaten American foods. Where should I go?",Eating,1
"I'm just starting to learn about the blockchain, where can I learn more on how to invest?",Blockchain,1
I'm looking to learn more about the medical field,Medicine,1
"I've been thinking about exploring different cultures, where should I start?",Cultural,1
I've been considering attending a spiritual retreat where can I find one?,Religious/Spiritual,1
"I've been contemplating joining a film club, where can I find one?",Media,1
I've been pondering joining a soccer team where can I sign up?,Sports,1
"I've been exploring the idea of getting involved in student government, where should I start?",Student Government,1
I've been considering joining a robotics workshop where can I find one?,Robotics,1
"I've been fascinated by the concept of joining an art class, where can I find one?",Arts,1
I've been pondering attending a coding bootcamp where can I find one?,Computer Science,1
"I've been intrigued by the idea of starting my own business, where should I start?",Business,1
I've been considering joining a business fraternity  where can I find one?,Business Frats,1
"I've been thinking about learning more about personal finance, where should I start?",Finance,1
I've been pondering attending a medical seminar  where can I find one?,Medicine,1
"I've been contemplating volunteering at a local shelter, where can I sign up?",Community Service,1
I've been considering trying out different cuisines,Eating,1
"I've been intrigued by the idea of joining an honors society, where can I find more information?",Honors,1
I've been pondering joining a gaming club,Gaming,1
"I've been thinking about connecting with my ethnic community, where should I start?",Ethnic,1
I've been considering taking dance classes where can I find a good studio?,Dance,1
"I've been contemplating joining a fraternity for social events, where can I find one?",Social frats,1
I've been considering joining an engineering fraternity,Engineering Frats,1
"I've been fascinated by the idea of stargazing, where should I go?",Astronomy,1
I've been pondering studying economics,Economics,1
"I've been thinking about developing my professional skills, where should I start?",Professional,1
I've been considering joining a debate team,Debate,1
"I've been contemplating learning a new language, where should I start?",Language,1
I've been pondering joining a tutoring program,Tutoring,1
"I've been intrigued by the idea of joining a music club, where can I find one?",Music,1
"I've been considering immersing myself in different cultures, where should I start?",Cultural,1
I've been contemplating attending a spiritual gathering,Religious/Spiritual,1
"I've been exploring the idea of joining a film society, where can I find one?",Media,1
I've been pondering joining a basketball league,Sports,1
"I've been thinking about getting involved in student council, where should I start?",Student Government,1
I've been considering participating in a robotics competition,Robotics,1
"I've been fascinated by the concept of enrolling in an art workshop, where can I find one?",Arts,1
I've been pondering attending a coding workshop,Computer Science,1
"I've been intrigued by the idea of launching my own venture, where should I start?",Business,1
I've been considering joining a business fraternity,Business Frats,1
"I've been thinking about learning more about personal finance, where should I start?",Finance,1
I've been pondering attending a medical conference,Medicine,1
"I've been contemplating volunteering at a local charity, where can I sign up?",Community Service,1
I've been considering exploring different cuisines,Eating,1
"I've been intrigued by the idea of joining an honors society, where can I find more information?",Honors,1
I've been pondering joining a gaming community,Gaming,1
"I've been thinking about connecting with my cultural heritage, where should I start?",Ethnic,1
I've been considering taking salsa classes,Dance,1
"I've been contemplating joining a fraternity for social events, where can I find one?",Social frats,1
I've been considering joining an engineering society,Engineering Frats,1
"I've been fascinated by the idea of observing the night sky, where should I go?",Astronomy,1
I've been pondering studying economics,Economics,1
"I've been thinking about developing my professional skills, where should I start?",Professional,1
I've been considering joining a debate club,Debate,1
"I've been contemplating learning a foreign language, where should I start?",Language,1
I've been pondering joining a tutoring program,Tutoring,1
"I've been intrigued by the idea of joining a music ensemble, where can I find one?",Music,1
"I'm interested in exploring different cultures, where should I start?",Cultural,1
I've been considering attending a spiritual retreat,Religious/Spiritual,1
"I've been exploring the idea of joining a film club, where can I find one?",Media,1
I've been pondering joining a soccer league,Sports,1
"I'm considering getting involved in student politics, where should I start?",Student Government,1
I've been contemplating participating in a robotics workshop,Robotics,1
"I've been fascinated by the concept of taking an art class, where can I find one?",Arts,1
I've been pondering attending a coding seminar,Computer Science,1
"I'm intrigued by the idea of starting my own business, where should I start?",Business,1
I've been considering joining a business fraternity,Business Frats,1
"I've been thinking about learning more about personal finance, where should I start?",Finance,1
I've been contemplating attending a medical seminar,Medicine,1
"I'm considering volunteering at a local shelter, where can I sign up?",Community Service,1
I've been pondering exploring different culinary experiences,Eating,1
"I've been intrigued by the idea of joining an honors society, where can I find more information?",Honors,1
I've been considering joining a gaming club,Gaming,1
"I'm interested in connecting with my cultural roots, where should I start?",Ethnic,1
I've been contemplating taking swing dance lessons,Dance,1
"I'm considering joining a fraternity for social events, where can I find one?",Social frats,1
I've been pondering joining an engineering club,Engineering Frats,1
"I'm fascinated by the idea of stargazing, where should I go?",Astronomy,1
I've been considering studying economics,Economics,1
"I'm thinking about developing my professional skills, where should I start?",Professional,1
I've been contemplating joining a debate team,Debate,1
"I'm intrigued by the idea of learning a foreign language, where should I start?",Language,1
I've been pondering joining a tutoring program,Tutoring,1
"I'm interested in joining a music ensemble, where can I find one?",Music,1
"I'm curious about exploring different cultures, where should I start?",Cultural,1
I've been considering attending a meditation retreat,Religious/Spiritual,1
"I've been exploring the idea of joining a book club, where can I find one?",Media,1
I've been pondering joining a tennis league,Sports,1
"I'm considering getting involved in student government, where should I start?",Student Government,1
I've been contemplating participating in a robotics competition,Robotics,1
"I've been fascinated by the concept of taking a painting class, where can I find one?",Arts,1
I've been pondering attending a coding workshop,Computer Science,1
"I'm intrigued by the idea of starting my own startup, where should I start?",Business,1
I've been considering joining a business fraternity,Business Frats,1
"I've been thinking about learning more about investment, where should I start?",Finance,1
I've been contemplating attending a medical conference,Medicine,1
"I'm considering volunteering at a local food bank, where can I sign up?",Community Service,1
I've been pondering exploring different culinary experiences,Eating,1
"I've been intrigued by the idea of joining an honors society, where can I find more information?",Honors,1
I've been considering joining a gaming community,Gaming,1
"I'm interested in connecting with my cultural heritage, where should I start?",Ethnic,1
I've been contemplating taking ballet lessons,Dance,1
"I'm considering joining a fraternity for social events, where can I find one?",Social frats,1
I've been pondering joining an engineering club,Engineering Frats,1
"I'm fascinated by the idea of stargazing, where should I go?",Astronomy,1
I've been considering studying economics,Economics,1
"I'm thinking about developing my professional skills, where should I start?",Professional,1
I've been contemplating joining a debate team,Debate,1
"I'm intrigued by the idea of learning a foreign language, where should I start?",Language,1
I've been pondering joining a tutoring program,Tutoring,1
"I'm interested in joining a music ensemble, where can I find one?",Music,1
I'm thinking of attending a cultural festival. Any suggestions?,Cultural,1
Where can I start exploring different spiritual practices? I'm interested but not sure where to begin.,Religious/Spiritual,1
Interested in joining a film society. Any leads?,Media,1
I'm considering joining a volleyball league. Any recommendations?,Sports,1
I'm interested in getting involved in campus governance but not sure where to start. Any advice?,Student Government,1
I've been fascinated by the concept of participating in a robotics workshop. Any options available?,Robotics,1
I'm considering taking an art workshop. Any suggestions on where to find one?,Arts,1
I'm thinking about attending a coding seminar. Any upcoming events I should know about?,Computer Science,1
I'm intrigued by the idea of launching my own venture. Any tips on where to begin?,Business,1
I'm contemplating joining a business association. Any recommendations on where to look?,Business Frats,1
I've been pondering learning more about financial planning. Any resources you can recommend?,Finance,1
I'm considering attending a medical symposium. Any upcoming conferences I should check out?,Medicine,1
I'm interested in volunteering at a local shelter. Any organizations in need of volunteers?,Community Service,1
I've been considering exploring different culinary experiences. Any recommendations for good spots?,Eating,1
I'm intrigued by the idea of joining an honors society. Any information on how to join?,Honors,1
I've been pondering joining a gaming guild. Any groups looking for new members?,Gaming,1
I'm thinking about connecting with my ethnic roots. Any events or clubs you can suggest?,Ethnic,1
I've been considering taking hip-hop dance lessons. Any studios offering beginner classes?,Dance,1
I'm contemplating joining a fraternity for social networking. Any suggestions on where to look?,Social frats,1
I'm interested in joining an engineering organization. Any clubs open to new members?,Engineering Frats,1
I'm fascinated by the idea of observing celestial bodies. Any places where I can stargaze?,Astronomy,1
I've been considering studying economics. Any beginner-friendly resources you can recommend?,Economics,1
I'm thinking about honing my professional skills. Any workshops or courses available?,Professional,1
I've been pondering joining a debate club. Any clubs looking for new members?,Debate,1
I'm intrigued by the idea of mastering a foreign language. Any language learning groups you can suggest?,Language,1
I'm considering joining a tutoring program. Any organizations offering tutoring opportunities?,Tutoring,1
I've been painting for about a year and want to get better at it. ,Arts,2
I've been dancing for a couple years and want to join a club but I have a heavy courseload.,Dance,2
I've been getting in to stargazing and want to have more access to equipment ,Astronomy,2
I've been playing basketball for about a year and want to get better at it.,Sports,2
I've been coding for a couple years and want to join a club but I have a heavy courseload.,Computer Science ,2
"I enjoy sketching and painting in my free time, are there any casual art clubs where I can further this interest",Arts,2
Just started in my accounting major and am curious about any groups that would help me with studying or internships,Accounting,2
I have started to invest through my brokerage account and would like to further my skills in this area.,Finance,2
I have been in a business club for a year in high school and would like to find some consulting opportunities.,Consulting,2
"I have some Python experience, but would like to learn more about machine learning with Python.",Machine Learning,2
I am an engineering major and wanted to develop myself professionally and socially,Engineering Frats,2
I have start to learn dancing and would like to join a RSO for it.,Dance,2
I am a Christian and would like to find ways to connect with other Christians at school.,Religious/Spiritual,2
I have done AP classes in economics and am interested in joining economics club on campus.,Economics,2
I have been playing competitive videogames for a year or so and want to play with others,Gaming,2
I love tasting new food and want to get involved with RSO's but have a heavy courseload ,Eating,2
I love spanish culture and want to get involved with the community more,Spanish,2
I played tennis for five years and want to play while balancing class work,Sports,2
I recently downloaded an editing software and want to learn how to get better at it,Arts,2
I don't have any specific interests but would like to get involved on campus,Social Clubs,2
I have done well academically this semester and am interested in joining an honor society,Honors,2
I would like to take leadership and help other students with their coursework,Tutoring,2
I have experience in computer science from high school but want to get into Machine Learning,Machine Learning,2
I'm majoring in business and I would like to join a community,Business Frats,2
I'm interesting in the way the economy works but I dont have much experience with economics,Economics,2
I am interested in learning more about figure drawing. I draw as a hobby.,Arts,2
I love cooking and want to expand my skills.,Eating,2
I was part of the newspaper club in highschool and want to continue to build on my jounalism skills.,Media,2
I was part of the robotics club in highschool and want to continue to build on those skills.,Robotics,2
I am interested in learning more about the field of medicine. I've had taken a related internship.,Medicine,2
I took Spanish classes in highschool and want to continue learning it.,Spanish,2
I've done a lot of volunteer work before and want to find more opportunities.,Community Service,2
I am interested in developing my professional skills in business but don't have a specific interest,Business Frats,2
"I have some experience with Spanish, but I want to get better",Spanish,2
"I have some experience with French, but I want to get better",Language,2
I like asian culture and want to get more involved and learn more,Asian,2
I'm passionate about social justice and want to find a club that advocates for equality and diversity.,Community Service,2
I love writing and literature and want to make connections with other young authors.,Media,2
I tutored math during highschool and want to continue tutoring on campus.,Tutoring,2
I am an experienced dancer and want to learn new dance styles.,Dance,2
I am an experienced dancer and want to learn new dance types.,Dance,2
I want to practice a language outside of class.,Language,2
I have some experience using Unreal Engine and want to further my game making skills.,Gaming,2
I have experience using Unity and want to work on a greater project.,Gaming,2
I have some background knowledge of crypto and I want to get more involved,Blockchain,2
I really enjoy playing football in my free time,Sports,2
I work with badminton players as a coach in my free time,Sports,2
I worked on a lot of robotics projects during high school,Robotics,2
I love working with Art! It's so fun,Art,2
"I love working with computers, they are so interesting",Computer Science,2
I have a vested interest in artifical intelligence,Machine Learning,2
I was the mechanical captain of my highschool's robotics team and want to partake in similar activites,Robotics,2
I love being the secretary of my high school club!,Student Government,2
I have experience in lots of engineering disciplines,Engineering Frat,2
"I was a journalist for my school newspaper and I still want to write, is there a paper I can write for",Media,2
"I was class president for three years in high school, what leadership positions can I can involved in",Student Government,2
"I already have a foundation in finance, but I want to learn specifics, where should I go?",Finance,2
"I'm a sophmore looking to use what I've used in ECE to build some robots, what clubs should I join?",Robotics ,2
"I'm very passionate about art, where can I find like-minded people",Art,2
I'm a sophmore in computer science looking to get involved in machine learning projects,Computer science,2
"Trying to find a service orgization that I can really become a part of, go there regularly",Community Service ,2
Are there any clubs for Muslims who want to explore their faith and participate in community events?,Religious/Spiritual,2
Are there some semi-competative sports leagues that I can join?,Sports,2
What organizations provide a good amount of volunteer opportunity with others?,Community Service ,2
I'm Hispanic and would like to be a part of a club of other people like me,Ethnic,2
I'm a sophomore looking to expand my knowledge past the basics of business,Business,2
"I've got some experience through my materials and physics classes, where can I apply it?",Engineering,2
I'm a sophmore in computer engineering looking to apply my software skills,Computer science,2
"I like drawing in my free time, where can I find people to draw with and explore new art mediums?",Art,2
"I'm looking to rush and become a member of a frat, but I don;t want anything too intensive",Social Frat,2
I'm a novice writer and want to apply my skills to real storytelling and reporting,Media,2
I know some knowledge about medicine but I want to attend more speaches about it,Medicine,2
I'm from China and I transferred to UIUC this semester. I'm looking to find events that resonate with my culture,Cultural,2
"I'm a christian looking to connect with other christians on campus, where should I go?",Religious/Spiritual,2
"I'm very invested in learning more about machine learning, where can I go to learn more?",Machine Learning,2
"I'm looking to become a business consultant for my career, are there any places on campus where I can train my skills to fit this position?",Business,2
Are there any political debate teams around campus?,Political,2
"I'm looking to meet other students that have a high GPA like me, where can I go?",Honors,2
I'm looking to find a dance team to join because I really enjoy dancing. What groups of people around me can facilitate that?,Dance,2
"I'm in an econ class and I need help with my homework, where can I go to understand the concepts being presented to me?",Economics,2
"I'm looking to get my career together and find a job, are there any job fairs going on soon?",Professional,2
"I'm looking to change the hardware inside of my PC for better FPS, are there any groups on campus that can help me with this?",Gaming,2
"Machine learning is a bit complicated for me to understand, are there any resources on campus that I can use to help ",Machine Learning,2
I'm a bilangual student looking to learn more about the culture of my 2nd langage (english),Language,2
I'm a professional eSports member and I'm looking to take some students under my wing and train them for the next big tournament. Where can i find people with interest in Valorant? ,Gaming,2
"I've been honing my painting skills for a while now, but I'm eager to improve further",Arts,2
"I've been exploring various dance styles for some time, but my busy schedule limits my club options",Dance,2
I've been delving into the wonders of stargazing lately and want better access to equipment,Astronomy,2
I've been refining my basketball skills over the past year and now I'm ready to take it to the next level,Sports,2
"I've been delving into coding for a couple of years, but my heavy coursework leaves me little room for clubs",Computer Science ,2
"I've been indulging in sketching and painting during my free time, but I'd love to join a club to nurture this passion",Arts,2
I'm just beginning my accounting major and I'm on the lookout for groups that could aid in my studies or internships,Accounting,2
I've recently started investing through my brokerage account and I'm eager to enhance my skills in this area,Finance,2
I've been part of a business club in high school and I'm now seeking opportunities in consulting,Consulting,2
"I have a decent grasp of Python, but I'm keen on delving deeper into machine learning with Python",Machine Learning,2
"As an engineering major, I aim to grow both professionally and socially, hence my interest in Engineering Frats",Engineering Frats,2
I've been dabbling in dance and now I'm keen on finding an RSO to further my skills,Dance,2
"As a Christian, I'm looking for avenues to connect with fellow believers on campus",Religious/Spiritual,2
I've had exposure to economics through my AP classes and now I'm interested in campus economics clubs,Economics,2
I've been competing in video games for a while and now I'm keen on finding like-minded individuals to play with,Gaming,2
"I have a penchant for trying new cuisines and wish to explore RSOs, although my schedule is packed",Eating,2
I'm fascinated by Spanish culture and seek greater involvement within the community,Spanish,2
I've played tennis for several years and I'm eager to continue while balancing my coursework,Sports,2
I've recently started using editing software and I'm determined to enhance my skills,Arts,2
"I'm open to joining various RSOs, as I'm keen on getting involved in campus activities",Social Clubs,2
I've had a successful academic semester and I'm now considering joining an honor society,Honors,2
I'm keen on leveraging my academic prowess to assist other students with their coursework through tutoring,Tutoring,2
I have some experience in computer science from high school and now I'm intrigued by machine learning,Machine Learning,2
I'm pursuing a business major and I'm interested in joining a community such as Business Frats,Business Frats,2
"I'm intrigued by the field of economics, although I lack substantial experience in the subject",Economics,2
I'm keen on enhancing my figure drawing skills and I'm exploring opportunities within the arts community,Arts,2
I have a passion for cooking and I'm eager to expand my culinary skills further,Eating,2
I was involved in my high school's newspaper club and now I'm eager to continue honing my journalism skills,Media,2
I have a background in robotics from high school and I'm eager to continue building on those skills,Robotics,2
"I'm interested in learning more about the medical field, having already completed a related internship",Medicine,2
I took Spanish classes in high school and now I'm motivated to continue my language learning journey,Spanish,2
I've been actively engaged in volunteer work and I'm eager to explore more opportunities on campus,Community Service,2
"I'm interested in developing my professional skills within the business realm, although I lack a specific focus",Business Frats,2
"I have some experience with Spanish, but I'm eager to improve",Spanish,2
I have a foundation in French and now I'm motivated to advance my proficiency,Language,2
I'm drawn to Asian culture and I'm seeking avenues for greater involvement and learning,Asian,2
I'm passionate about social justice and I'm on the lookout for a club that advocates for equality,Community Service,2
I have a love for writing and literature and I'm eager to connect with other aspiring authors,Media,2
I've tutored math in the past and I'm looking to continue this endeavor on campus,Tutoring,2
I'm an experienced dancer looking to broaden my horizons with new dance styles,Dance,2
I'm an experienced dancer looking to explore different dance types,Dance,2
I'm eager to practice a language outside of class to enhance my fluency,Language,2
I have some experience using Unreal Engine and I'm eager to further my game development skills,Gaming,2
I've worked with Unity and now I'm eager to embark on more ambitious projects,Gaming,2
I have some knowledge about crypto and now I'm eager to delve deeper into the field,Blockchain,2
I thoroughly enjoy playing football in my free time and I'm looking to further engage in the sport,Sports,2
I've coached badminton players in my free time and I'm eager to continue doing so,Sports,2
I've been extensively involved in robotics projects during high school and I'm eager to continue similar activities,Robotics,2
I'm deeply passionate about art and I'm eager to connect with like-minded individuals,Art,2
I'm fascinated by the world of computers and I'm keen on exploring it further,Computer Science,2
I have a keen interest in artificial intelligence and I'm eager to delve deeper into the subject,Machine Learning,2
I was the mechanical captain of my high school's robotics team and I'm eager to continue similar activities,Robotics,2
I thoroughly enjoyed being the secretary of my high school club and I'm keen on taking up similar roles,Student Government,2
I possess experience in various engineering disciplines and I'm eager to explore more opportunities,Engineering Frat,2
I was a journalist for my school newspaper and I'm eager to continue honing my writing skills,Media,2
I was class president for three years in high school and I'm eager to assume similar leadership positions,Student Government,2
I have a foundation in finance and now I'm eager to delve into specific areas within the field,Finance,2
I'm a sophomore looking to utilize my skills from ECE to contribute to robotics projects,Robotics ,2
I'm deeply passionate about art and I'm eager to connect with fellow art enthusiasts,Art,2
I'm a sophomore majoring in computer science and I'm eager to participate in machine learning projects,Computer science,2
I'm keen on finding a service organization where I can make regular contributions,Community Service ,2
I'm interested in joining a club for Muslims to explore my faith and engage in community events,Religious/Spiritual,2
I'm on the lookout for semi-competitive sports leagues to join and enhance my skills,Sports,2
I've been practicing painting for some time now and I'm eager to refine my skills further,Arts,2
I've been immersing myself in various dance forms and now I'm looking to join a club despite my busy schedule,Dance,2
I've been deeply engrossed in astronomy lately and I'm seeking better access to equipment for my stargazing endeavors,Astronomy,2
I've been honing my basketball skills for about a year and now I'm ready to take them to the next level,Sports,2
"I've been coding for a couple of years and I'm keen on joining a club, although my coursework is demanding",Computer Science ,2
"I've been nurturing my passion for sketching and painting in my leisure time, but now I'm eager to expand my horizons",Arts,2
I'm just starting my accounting major and I'm interested in groups that can support me academically and professionally,Accounting,2
I've recently started investing through my brokerage account and I'm eager to enhance my financial acumen,Finance,2
I've been involved in a business club during high school and now I'm looking for opportunities in consulting,Consulting,2
"I have some experience with Python, but I'm eager to delve deeper into machine learning with Python",Machine Learning,2
"As an engineering major, I aspire to develop my skills both socially and professionally, hence my interest in Engineering Frats",Engineering Frats,2
I've been exploring dance as a hobby and now I'm keen on joining an RSO to improve my skills,Dance,2
"As a Christian, I'm seeking avenues to connect with fellow believers and deepen my faith",Religious/Spiritual,2
I've been introduced to economics through my AP classes and now I'm intrigued by campus economics clubs,Economics,2
I've been competing in video games for some time and now I'm looking for like-minded individuals to team up with,Gaming,2
"I enjoy trying out different cuisines and I'm eager to explore RSOs, despite my busy schedule",Eating,2
I'm fascinated by Spanish culture and I'm on the lookout for opportunities to immerse myself further,Spanish,2
I've played tennis for several years and now I'm eager to continue while balancing my academic commitments,Sports,2
I've recently started using editing software and I'm determined to master it to enhance my artistic endeavors,Arts,2
I'm open to joining various RSOs to expand my horizons and make new connections on campus,Social Clubs,2
I've had a successful semester academically and I'm considering joining an honor society to further my achievements,Honors,2
I'm keen on using my academic strengths to assist other students with their coursework through tutoring,Tutoring,2
I have some prior experience in computer science and now I'm intrigued by the field of machine learning,Machine Learning,2
I'm pursuing a business major and I'm interested in joining a community such as Business Frats to network and learn,Business Frats,2
"I'm intrigued by economics, although I lack substantial experience in the subject",Economics,2
I'm eager to enhance my figure drawing skills and I'm exploring opportunities within the arts community,Arts,2
I have a passion for cooking and I'm eager to expand my culinary repertoire further,Eating,2
I enjoyed my time in the high school newspaper club and now I'm eager to continue honing my journalism skills,Media,2
I have a background in robotics from high school and now I'm eager to continue building on those skills,Robotics,2
"I'm interested in learning more about the medical field, having already completed a related internship",Medicine,2
I took Spanish classes in high school and now I'm motivated to continue my language learning journey,Spanish,2
I've been actively engaged in volunteer work and I'm eager to explore more opportunities on campus,Community Service,2
"I'm interested in developing my professional skills within the business realm, although I lack a specific focus",Business Frats,2
"I have some experience with Spanish, but I'm eager to improve",Spanish,2
I have a foundation in French and now I'm motivated to advance my proficiency,Language,2
I'm drawn to Asian culture and I'm seeking avenues for greater involvement and learning,Asian,2
I'm passionate about social justice and I'm on the lookout for a club that advocates for equality and diversity,Community Service,2
I have a love for writing and literature and I'm eager to connect with other aspiring authors,Media,2
I've tutored math in the past and I'm looking to continue this endeavor on campus,Tutoring,2
I'm an experienced dancer looking to broaden my horizons with new dance styles,Dance,2
I'm an experienced dancer looking to explore different dance types,Dance,2
I'm eager to practice a language outside of class to enhance my fluency,Language,2
I have some experience using Unreal Engine and I'm eager to further my game development skills,Gaming,2
I've worked with Unity and now I'm eager to embark on more ambitious projects,Gaming,2
I have some knowledge about crypto and now I'm eager to delve deeper into the field,Blockchain,2
I thoroughly enjoy playing football in my free time and I'm looking to further engage in the sport,Sports,2
I've coached badminton players in my free time and I'm eager to continue doing so,Sports,2
I've been extensively involved in robotics projects during high school and I'm eager to continue similar activities,Robotics,2
I'm deeply passionate about art and I'm eager to connect with like-minded individuals,Art,2
I'm fascinated by the world of computers and I'm keen on exploring it further,Computer Science,2
I have a keen interest in artificial intelligence and I'm eager to delve deeper into the subject,Machine Learning,2
I was the mechanical captain of my high school's robotics team and I'm eager to continue similar activities,Robotics,2
I thoroughly enjoyed being the secretary of my high school club and I'm keen on taking up similar roles,Student Government,2
I possess experience in various engineering disciplines and I'm eager to explore more opportunities,Engineering Frat,2
I was a journalist for my school newspaper and I'm eager to continue honing my writing skills,Media,2
I was class president for three years in high school and I'm eager to assume similar leadership positions,Student Government,2
I have a foundation in finance and now I'm eager to delve into specific areas within the field,Finance,2
I'm a sophomore looking to utilize my skills from ECE to contribute to robotics projects,Robotics ,2
I'm deeply passionate about art and I'm eager to connect with fellow art enthusiasts,Art,2
I'm a sophomore majoring in computer science and I'm eager to participate in machine learning projects,Computer science,2
I'm keen on finding a service organization where I can make regular contributions,Community Service ,2
I'm interested in joining a club for Muslims to explore my faith and engage in community events,Religious/Spiritual,2
I've been exploring different dance styles for a while and now I'm interested in joining a dance club,Dance,2
I've been learning about various art techniques and I'm eager to practice them with others,Arts,2
I've been following sports for a long time and I'd like to join a sports club to play casually,Sports,2
I've been studying computer science and now I'm looking for a club to apply my skills,Computer Science,2
I've been reading about finance and now I'm interested in joining a finance-focused group,Finance,2
I've been interested in medicine and now I want to join a club to learn more about it,Medicine,2
I've been enjoying volunteering and now I'm looking for more opportunities to get involved,Community Service,2
I've been practicing my language skills and now I want to join a language exchange club,Language,2
I've been playing music as a hobby and now I'm looking for a club to jam with others,Music,2
I've been studying robotics and now I'm interested in joining a robotics club,Robotics,2
I've been watching debates online and now I'm interested in joining a debate club,Debate,2
I've been interested in astronomy and now I'm looking for a club to stargaze with,Astronomy,2
I've been interested in economics and now I'm looking for a club to discuss economic issues,Economics,2
I've been watching gaming streams and now I'm interested in joining a gaming club,Gaming,2
I've been learning about different cultures and now I'm interested in joining a cultural club,Cultural,2
I've been interested in social justice and now I'm looking for a club to advocate for change,Community Service,2
I've been studying business and now I'm interested in joining a business-focused club,Business,2
I've been studying computer science and now I'm interested in joining a coding club,Computer Science,2
I've been reading about different religions and now I'm interested in joining a spiritual club,Religious/Spiritual,2
I've been watching dance videos and now I'm interested in joining a dance club,Dance,2
I've been cooking at home and now I'm interested in joining a cooking club,Eating,2
I've been interested in media production and now I'm looking for a club to learn more about it,Media,2
I've been interested in tutoring and now I'm looking for opportunities to help others,Tutoring,2
I've been studying engineering and now I'm interested in joining an engineering club,Engineering,2
I've been learning about different ethnicities and now I'm interested in joining an ethnic club,Ethnic,2
I've been interested in gaming and now I'm looking for a club to play games with others,Gaming,2
I've been interested in dance and now I'm looking for a club to practice with other dancers,Dance,2
I've been interested in politics and now I'm looking for a club to discuss political issues,Debate,2
I've been studying language and now I'm interested in joining a language club,Language,2
I've been interested in music and now I'm looking for a club to play music with others,Music,2
I've been learning about finance and now I'm interested in joining a finance club,Finance,2
I've been interested in medicine and now I'm looking for a club to explore medical topics,Medicine,2
I've been interested in community service and now I'm looking for a club to volunteer with,Community Service,2
I've been studying robotics and now I'm interested in joining a robotics team,Robotics,2
I've been interested in economics and now I'm looking for a club to learn more about it,Economics,2
I've been interested in gaming and now I'm looking for a club to play games with others,Gaming,2
I've been studying language and now I'm interested in joining a language exchange club,Language,2
I've been interested in music and now I'm looking for a club to play music with others,Music,2
I've been learning about business and now I'm interested in joining a business club,Business,2
I've been studying computer science and now I'm interested in joining a coding club,Computer Science,2
I've been interested in spirituality and now I'm looking for a club to explore spiritual topics,Religious/Spiritual,2
I've been interested in dance and now I'm looking for a club to practice with other dancers,Dance,2
I participated in several business competitions previously and want to engage in similar activities.,Business,3
"I really want to learn more about robotics, I have lots of past experience ",Robotics,3
I have taken several accounting courses already and want to apply my skills. ,Accounting,3
I love food and want to surround myself with people with a similar interests.,Food,3
I played soccer all throughout high school and want to join a school team.,Sports,3
I have studied medicine throughout high school and want to get involved in a medicine club at school.,Medicine,3
I have done 4 years of robotics in high school and would like to continue in college.,Robotics,3
I have played varsity soccer and would like to find ways to continue to play.,Sports,3
I have played the saxophone for 7 years and would like to join a band.,Arts,3
I am an accounting major and would like to join some clubs related to my major.,Accounting,3
I have done Model UN in high school and would like to join similar RSO's.,Political,3
I am native american and want to be more active in the on campus native american community,Native American,3
I was on the debate team in highschool and would want to continue that here,Debate,3
I have worked as the editor in chief of my high school newspaper and would like to do similar activities.,Media,3
I have a high GPA and have junior standing so I want to join an honors society,Honors,3
I've been involved in student government and debate for years and want to continue at university,Political,3
I was president of the astronomy club at my highschool and would like to do similar activities.,Astronomy,3
I'm heavily interested in Latin American culture and have had past expiereince reasearching its culture.,Latin America,3
I'm interested in literature and and have been seriously writing for four years,Arts,3
I'm very extroverted and am interested in joining a frat,Social Frats,3
I have been powerlifting for 3 years and would like to continue,Fitneess,3
I want to enter an esports team.,Gaming,3
I am Chinese and want to interact with the Chinese community on campus,Culture,3
I am Indian and want to interact with the Indian community on campus,Culture,3
I am Vietnamese and want to interact with the Vietnamese community on campus,Culture,3
I am African American and want to interact with the African American community on campus,Culture,3
I am Taiwanese and want to interact with the Taiwanese community on campus,Culture,3
I am Korean and want to interact with the Korean community on campus,Culture,3
I am South American and want to interact with the South American community on campus,Culture,3
I am Central American and want to interact with the Central American community on campus,Culture,3
I am Latino and want to interact with the Latino community on campus,Culture,3
I am Japanese and want to interact with the Japanese community on campus,Culture,3
I love to watch Anime and read Manga and want to talk to others about it.,Media,3
I enjoy reading books and want to discuss them more with others.,Media,3
"I really want to be a politician, I love leading my team whenever I get the chance",Student Government,3
"I like more rigorous physical activity, especially involving exercise",Sports,3
I work with crypotcurrency a lot and login credentials,Blockchain,3
I was the president of a flew clubs back in high school,Student Government,3
I participated on behalf of quite a few sports teams in high school,Sports,3
"I love drawing, painting, and sculpting!",Art,3
"I have lots of experience when it comes to football, I'm pretty passionate about it",Sports,3
I love being the president of my high school club!,Student Government,3
"I'm a Christian who has been involved with the Church since I was a child, I want to get heavily involved in a religious community",Religious/Spiritual,3
"I used to play soccer in highschool, is there a club soccer league that I can join",Sports,3
I'm a Junior looking to gain connections and important knowledge in consulting doing mock write-ups,Consulting,3
"I've been in competative dance all of high school and middle school, where can I find a competition dance team",Dance,3
Where can I go to get more experience in making news reports and connecting with professionals in the sphere,Media,3
"I'm looking to run for student body president eventually, where can I get involved quickest",Student Government,3
"Looking to find people who can help with my startup, making connections with potential investors",Business,3
What organizations can help me go on mission trips?,Religious/Spiritual,3
"I've been playing baseball my whole life, what are some leagues that will provide me good competition?",Sports,3
"I want to take a part-time volunteer position at a local senior center, where can I find more info?",Community Service ,3
What organizations can enable me to teach others about my culture?,Ethnic,3
"I'm a senior looking for connections at top companies, what are some pretigious organizations?",Business,3
"I already have experience building smaller robots, what teams do robot competitions?",Engineering,3
"I recently took a quantumn computational class, where can I get involved in research?",Computer science,3
I want to rush and join a top frat.,Social Frat,3
I love to make short films and am looking to direct a crew for making one,Media,3
I've worked at a hospital before and I would like to volunteer at a local hospital,Medicine,3
What special programs are available to honors students at UIUC,Honors,3
"I'm interested in apply for a position dealting with student govenment, where should I go to learn more?",Student Government,3
"I'm a freshman that was a part of my robotics team in highschool, where can I go on campus to get involved with UIUC's robots program?",Robotics,3
I'm a very experience transfer student looking to develop software in a meaningful way. Are there any groups on campus that can facilitate this?,Computer Sience,3
"I'm looking to invest into cryptocurrency, are there any groups around here that are experienced in the field?",Blockchain,3
"I'm looking to practice spanish for my midterm next week, are there any groups on campus that can help me practice?",Language,3
I'm a very skilled dancer looking to join a group of dancers for a large performance,Dance,3
"I've learned about a lot of medicine thoery, now I'm looking to apply myself and practice the thoery. Where can I go?",Medicine,3
I've been actively participating in business competitions and I'm seeking similar engagements.,Business,3
"I'm eager to delve deeper into the field of robotics, drawing from my extensive past experience.",Robotics,3
"After completing several accounting courses, I'm enthusiastic about applying my skills in practical settings.",Accounting,3
I have a profound love for food and I'm keen on connecting with others who share this passion.,Eating,3
"Having played soccer throughout high school, I'm interested in continuing my journey with a school team.",Sports,3
I've studied medicine extensively in high school and now I'm eager to get involved in a medicine-related club.,Medicine,3
"With four years of robotics experience in high school, I'm looking to continue my robotics journey in college.",Robotics,3
"As someone who played varsity soccer, I'm determined to find avenues to keep playing.",Sports,3
"After seven years of playing the saxophone, I'm eager to collaborate with other musicians in a band setting.",Music,3
"As an accounting major, I'm interested in joining clubs that align with my field of study.",Accounting,3
"Model UN has been a significant part of my high school experience, and I'm eager to continue in similar RSOs.",Debate,3
I'm deeply interested in Latin American culture and have conducted extensive research on it.,Cultural,3
"An ardent lover of literature, I've dedicated the past four years to serious writing endeavors.",Arts,3
I'm highly extroverted and looking to join a fraternity to enhance my social connections.,Social frats,3
"With three years of experience in powerlifting, I'm determined to continue my fitness journey.",Sports,3
I aspire to join an esports team and compete in competitive gaming tournaments.,Gaming,3
"As a Chinese student, I'm eager to engage with the Chinese community on campus.",Ethnic,3
"I'm an avid anime and manga enthusiast, seeking connections with like-minded individuals.",Media,3
"I have a strong passion for leading teams, making me an ideal candidate for student government roles.",Student Government,3
I thrive on rigorous physical activity and seek sports clubs that offer challenging experiences.,Sports,3
I frequently engage with cryptocurrency and am well-versed in blockchain technology.,Blockchain,3
"As a former president of multiple clubs in high school, I'm eager to take on leadership roles at the university level.",Student Government,3
"With extensive participation in sports teams during high school, I'm eager to continue competing.",Sports,3
"I have a deep-seated love for drawing, painting, and sculpting, and I'm eager to further explore these passions.",Arts,3
"With a wealth of experience in football, I'm deeply passionate about the sport and eager to continue playing.",Sports,3
I thrive in leadership positions and have enjoyed being the president of my high school club.,Student Government,3
"As a devout Christian, I'm keen on becoming heavily involved in a religious community on campus.",Religious/Spiritual,3
"After playing soccer in high school, I'm seeking opportunities to join club soccer leagues.",Sports,3
I'm a junior student aiming to gain valuable consulting experience through mock write-ups and networking.,Consulting,3
"After years of competitive dance, I'm looking for a challenge in a competition dance team.",Dance,3
I'm interested in gaining hands-on experience in news reporting and networking with media professionals.,Media,3
I aspire to run for student body president and seek avenues for quick involvement.,Student Government,3
I'm determined to build connections for my startup and engage with potential investors.,Business,3
I'm eager to participate in mission trips and contribute to meaningful community projects.,Community Service,3
I'm seeking opportunities to educate others about my culture and heritage.,Ethnic,3
"As a senior student, I'm looking for prestigious organizations to bolster my career prospects.",Business,3
"After extensive experience in building smaller robots, I'm eager to join robot competitions on campus.",Robotics,3
"After taking a quantum computational class, I'm interested in getting involved in related research.",Computer Science,3
I'm keen on rushing and joining a top fraternity to enhance my college experience.,Social Frats,3
I'm passionate about making short films and aspire to direct a crew for a new project.,Media,3
"With previous hospital experience, I'm eager to volunteer at a local hospital and contribute to patient care.",Medicine,3
I'm interested in exploring special programs available to honors students at UIUC.,Honors,3
I'm interested in applying for student government positions and seeking opportunities to learn more.,Student Government,3
"As a freshman with robotics experience, I'm eager to get involved in UIUC's robotics program.",Robotics,3
I'm a skilled transfer student looking to develop software and seeking relevant groups on campus.,Computer Science,3
I'm looking to invest in cryptocurrency and seeking experienced groups on campus to guide me.,Blockchain,3
I want to practice Spanish for my upcoming midterm and seeking language groups on campus for assistance.,Language,3
I'm a proficient dancer seeking to join a group for a large-scale performance.,Dance,3
"After learning about medical theory, I'm seeking practical application opportunities.",Medicine,3
I've been actively participating in business competitions and I'm seeking similar engagements.,Business,3
"I'm eager to delve deeper into the field of robotics, drawing from my extensive past experience.",Robotics,3
"After completing several accounting courses, I'm enthusiastic about applying my skills in practical settings.",Accounting,3
I have a profound love for food and I'm keen on connecting with others who share this passion.,Eating,3
"Having played soccer throughout high school, I'm interested in continuing my journey with a school team.",Sports,3
I've studied medicine extensively in high school and now I'm eager to get involved in a medicine-related club.,Medicine,3
"With four years of robotics experience in high school, I'm looking to continue my robotics journey in college.",Robotics,3
"As someone who played varsity soccer, I'm determined to find avenues to keep playing.",Sports,3
"After seven years of playing the saxophone, I'm eager to collaborate with other musicians in a band setting.",Music,3
"As an accounting major, I'm interested in joining clubs that align with my field of study.",Accounting,3
"Model UN has been a significant part of my high school experience, and I'm eager to continue in similar RSOs.",Debate,3
I'm deeply interested in Latin American culture and have conducted extensive research on it.,Cultural,3
"An ardent lover of literature, I've dedicated the past four years to serious writing endeavors.",Arts,3
I'm highly extroverted and looking to join a fraternity to enhance my social connections.,Social frats,3
"With three years of experience in powerlifting, I'm determined to continue my fitness journey.",Sports,3
I aspire to join an esports team and compete in competitive gaming tournaments.,Gaming,3
"As a Chinese student, I'm eager to engage with the Chinese community on campus.",Ethnic,3
"I'm an avid anime and manga enthusiast, seeking connections with like-minded individuals.",Media,3
"I have a strong passion for leading teams, making me an ideal candidate for student government roles.",Student Government,3
I thrive on rigorous physical activity and seek sports clubs that offer challenging experiences.,Sports,3
I frequently engage with cryptocurrency and am well-versed in blockchain technology.,Blockchain,3
"As a former president of multiple clubs in high school, I'm eager to take on leadership roles at the university level.",Student Government,3
"With extensive participation in sports teams during high school, I'm eager to continue competing.",Sports,3
"I have a deep-seated love for drawing, painting, and sculpting, and I'm eager to further explore these passions.",Arts,3
"With a wealth of experience in football, I'm deeply passionate about the sport and eager to continue playing.",Sports,3
I thrive in leadership positions and have enjoyed being the president of my high school club.,Student Government,3
"As a devout Christian, I'm keen on becoming heavily involved in a religious community on campus.",Religious/Spiritual,3
"After playing soccer in high school, I'm seeking opportunities to join club soccer leagues.",Sports,3
I'm a junior student aiming to gain valuable consulting experience through mock write-ups and networking.,Consulting,3
"After years of competitive dance, I'm looking for a challenge in a competition dance team.",Dance,3
I'm interested in gaining hands-on experience in news reporting and networking with media professionals.,Media,3
I aspire to run for student body president and seek avenues for quick involvement.,Student Government,3
I'm determined to build connections for my startup and engage with potential investors.,Business,3
I'm eager to participate in mission trips and contribute to meaningful community projects.,Community Service,3
I'm seeking opportunities to educate others about my culture and heritage.,Ethnic,3
"As a senior student, I'm looking for prestigious organizations to bolster my career prospects.",Business,3
"After extensive experience in building smaller robots, I'm eager to join robot competitions on campus.",Robotics,3
"After taking a quantum computational class, I'm interested in getting involved in related research.",Computer Science,3
I'm keen on rushing and joining a top fraternity to enhance my college experience.,Social Frats,3
I'm passionate about making short films and aspire to direct a crew for a new project.,Media,3
"With previous hospital experience, I'm eager to volunteer at a local hospital and contribute to patient care.",Medicine,3
I'm interested in exploring special programs available to honors students at UIUC.,Honors,3
I'm interested in applying for student government positions and seeking opportunities to learn more.,Student Government,3
"As a freshman with robotics experience, I'm eager to get involved in UIUC's robotics program.",Robotics,3
I'm a skilled transfer student looking to develop software and seeking relevant groups on campus.,Computer Science,3
I'm looking to invest in cryptocurrency and seeking experienced groups on campus to guide me.,Blockchain,3
I want to practice Spanish for my upcoming midterm and seeking language groups on campus for assistance.,Language,3
I'm a proficient dancer seeking to join a group for a large-scale performance.,Dance,3
"After learning about medical theory, I'm seeking practical application opportunities.",Medicine,3
I've been actively participating in business competitions and I'm seeking similar engagements.,Business,3
"I'm eager to delve deeper into the field of robotics, drawing from my extensive past experience.",Robotics,3
"After completing several accounting courses, I'm enthusiastic about applying my skills in practical settings.",Accounting,3
I have a profound love for food and I'm keen on connecting with others who share this passion.,Eating,3
"Having played soccer throughout high school, I'm interested in continuing my journey with a school team.",Sports,3
I've studied medicine extensively in high school and now I'm eager to get involved in a medicine-related club.,Medicine,3
"With four years of robotics experience in high school, I'm looking to continue my robotics journey in college.",Robotics,3
"As someone who played varsity soccer, I'm determined to find avenues to keep playing.",Sports,3
"After seven years of playing the saxophone, I'm eager to collaborate with other musicians in a band setting.",Music,3
"As an accounting major, I'm interested in joining clubs that align with my field of study.",Accounting,3
"Model UN has been a significant part of my high school experience, and I'm eager to continue in similar RSOs.",Debate,3
I'm deeply interested in Latin American culture and have conducted extensive research on it.,Cultural,3
"An ardent lover of literature, I've dedicated the past four years to serious writing endeavors.",Arts,3
I'm highly extroverted and looking to join a fraternity to enhance my social connections.,Social frats,3
"With three years of experience in powerlifting, I'm determined to continue my fitness journey.",Sports,3
I aspire to join an esports team and compete in competitive gaming tournaments.,Gaming,3
"As a Chinese student, I'm eager to engage with the Chinese community on campus.",Ethnic,3
"I'm an avid anime and manga enthusiast, seeking connections with like-minded individuals.",Media,3
"I have a strong passion for leading teams, making me an ideal candidate for student government roles.",Student Government,3
I thrive on rigorous physical activity and seek sports clubs that offer challenging experiences.,Sports,3
I frequently engage with cryptocurrency and am well-versed in blockchain technology.,Blockchain,3
"As a former president of multiple clubs in high school, I'm eager to take on leadership roles at the university level.",Student Government,3
"With extensive participation in sports teams during high school, I'm eager to continue competing.",Sports,3
"I have a deep-seated love for drawing, painting, and sculpting, and I'm eager to further explore these passions.",Arts,3
"With a wealth of experience in football, I'm deeply passionate about the sport and eager to continue playing.",Sports,3
I thrive in leadership positions and have enjoyed being the president of my high school club.,Student Government,3
"As a devout Christian, I'm keen on becoming heavily involved in a religious community on campus.",Religious/Spiritual,3
"After playing soccer in high school, I'm seeking opportunities to join club soccer leagues.",Sports,3
I'm a junior student aiming to gain valuable consulting experience through mock write-ups and networking.,Consulting,3
"After years of competitive dance, I'm looking for a challenge in a competition dance team.",Dance,3
I'm interested in gaining hands-on experience in news reporting and networking with media professionals.,Media,3
I aspire to run for student body president and seek avenues for quick involvement.,Student Government,3
I'm determined to build connections for my startup and engage with potential investors.,Business,3
I'm eager to participate in mission trips and contribute to meaningful community projects.,Community Service,3
I'm seeking opportunities to educate others about my culture and heritage.,Ethnic,3
"As a senior student, I'm looking for prestigious organizations to bolster my career prospects.",Business,3
"After extensive experience in building smaller robots, I'm eager to join robot competitions on campus.",Robotics,3
"After taking a quantum computational class, I'm interested in getting involved in related research.",Computer Science,3
I'm keen on rushing and joining a top fraternity to enhance my college experience.,Social Frats,3
I'm passionate about making short films and aspire to direct a crew for a new project.,Media,3
"With previous hospital experience, I'm eager to volunteer at a local hospital and contribute to patient care.",Medicine,3
I'm interested in exploring special programs available to honors students at UIUC.,Honors,3
I'm interested in applying for student government positions and seeking opportunities to learn more.,Student Government,3
"As a freshman with robotics experience, I'm eager to get involved in UIUC's robotics program.",Robotics,3
I'm a skilled transfer student looking to develop software and seeking relevant groups on campus.,Computer Science,3
I'm looking to invest in cryptocurrency and seeking experienced groups on campus to guide me.,Blockchain,3
I want to practice Spanish for my upcoming midterm and seeking language groups on campus for assistance.,Language,3
I'm a proficient dancer seeking to join a group for a large-scale performance.,Dance,3
"After learning about medical theory, I'm seeking practical application opportunities.",Medicine,3
I've been heavily involved in business competitions and I'm eager to continue participating in similar activities.,Business,3
I have a strong interest in robotics and extensive experience in the field.,Robotics,3
"With several accounting courses completed, I'm excited to apply my skills in real-world scenarios.",Accounting,3
I'm a food enthusiast seeking to connect with like-minded individuals who share my passion.,Eating,3
"After playing soccer throughout high school, I'm determined to join a university team.",Sports,3
I've studied medicine extensively and now I'm ready to get involved in related clubs at university.,Medicine,3
"With four years of robotics experience in high school, I'm eager to continue my journey in college.",Robotics,3
"After playing varsity soccer, I'm determined to find opportunities to continue playing in college.",Sports,3
"With seven years of saxophone experience, I'm eager to collaborate with fellow musicians in a band.",Music,3
"As an accounting major, I'm keen on joining clubs that align with my career goals.",Accounting,3
"Model UN has been a significant part of my high school experience, and I'm eager to continue in similar RSOs.",Debate,3
I've conducted extensive research on Latin American culture and I'm deeply interested in learning more.,Cultural,3
"As an ardent lover of literature, I've dedicated the past four years to serious writing endeavors.",Arts,3
I'm highly extroverted and seeking opportunities to enhance my social connections through fraternity involvement.,Social Frats,3
"With three years of powerlifting experience, I'm determined to continue my fitness journey at university.",Fitness,3
I aspire to join an esports team and compete in competitive gaming tournaments at the university level.,Gaming,3
"As a Chinese student, I'm eager to engage with the Chinese community and cultural events on campus.",Ethnic,3
"I'm an avid anime and manga enthusiast, looking to connect with fellow fans and discuss our favorite series.",Media,3
I thrive on leadership roles and I'm passionate about representing student interests in government positions.,Student Government,3
"With extensive sports experience, I'm seeking challenging opportunities to compete in university-level leagues.",Sports,3
I'm well-versed in cryptocurrency and blockchain technology and I'm eager to explore related opportunities on campus.,Blockchain,3
"As a former president of multiple clubs, I'm excited to take on leadership roles and make an impact at the university.",Student Government,3
"With extensive sports participation in high school, I'm determined to continue competing in college-level leagues.",Sports,3
"I have a deep-seated passion for drawing, painting, and sculpting, and I'm eager to further explore these artistic endeavors.",Arts,3
"With a wealth of experience in football, I'm deeply passionate about the sport and eager to continue playing in college.",Sports,3
I excel in leadership positions and have enjoyed being the president of my high school club.,Student Government,3
"As a devout Christian, I'm keen on becoming heavily involved in a religious community and spiritual activities on campus.",Religious/Spiritual,3
"After playing soccer in high school, I'm seeking opportunities to join club soccer leagues at the university level.",Sports,3
I'm a junior student looking to gain valuable consulting experience through mock write-ups and networking events.,Consulting,3
"After years of competitive dance, I'm eager to join a competition dance team and showcase my skills at university.",Dance,3
I'm interested in gaining hands-on experience in news reporting and networking with media professionals on campus.,Media,3
I aspire to run for student body president and I'm seeking opportunities for quick involvement in student government.,Student Government,3
I'm determined to build connections for my startup and engage with potential investors through university-affiliated groups.,Business,3
I'm eager to participate in mission trips and contribute to meaningful community projects through service-oriented organizations.,Community Service,3
"I'm passionate about educating others about my cultural heritage and traditions, and I'm seeking platforms to do so on campus.",Ethnic,3
"As a senior student, I'm looking for prestigious organizations and networking opportunities to advance my career prospects.",Business,3
"After extensive experience in building smaller robots, I'm eager to join robot competitions and showcase my skills at university.",Robotics,3
"After taking a quantum computational class, I'm interested in getting involved in related research projects at the university.",Computer Science,3
I'm looking to rush and join a top fraternity to enhance my college experience and build lifelong connections.,Social Frats,3
I'm passionate about making short films and I aspire to direct a crew for a new project at the university.,Media,3
"With previous hospital experience, I'm eager to volunteer at a local hospital and contribute to patient care initiatives.",Medicine,3
I'm interested in exploring special programs available to honors students and seeking opportunities for academic enrichment.,Honors,3
I'm interested in applying for student government positions and seeking opportunities to learn and contribute to campus governance.,Student Government,3
"As a freshman with robotics experience, I'm eager to get involved in UIUC's robotics program and contribute to innovative projects.",Robotics,3
I'm a skilled transfer student looking to develop software and seeking relevant groups on campus to collaborate with.,Computer Science,3
I'm looking to invest in cryptocurrency and seeking experienced groups on campus to guide me and explore investment opportunities.,Blockchain,3
I want to practice Spanish for my upcoming midterm and I'm seeking language groups on campus for assistance and language exchange.,Language,3
I'm a proficient dancer seeking to join a group for a large-scale performance and collaborate with fellow dancers.,Dance,3
"After learning about medical theory, I'm seeking practical application opportunities and hands-on experience in the field of medicine.",Medicine,3
